id;document_type;file_name;mime_type;storage_path;file_size;uploaded_at;expires_at;deleted;deleted_at;metadata;checksum
1;PROOF_OF_ADDRESS;house;while besmirch questionably;beyond quarrelsomely sedately;15779;2025-12-13T18:17:54;2025-12-13T20:32:09;true;2025-12-13T11:46:54;../fake-data/blob/hipster.txt;than same
2;OTHER;honestly enlist;prime invite;drat;23316;2025-12-14T09:14:44;2025-12-14T06:45:46;false;2025-12-13T19:39:58;../fake-data/blob/hipster.txt;aha
3;NATIONAL_ID;yowza;kiddingly although;cautiously;22363;2025-12-13T12:47:15;2025-12-13T17:26:05;false;2025-12-14T00:35:27;../fake-data/blob/hipster.txt;amid unfreeze from
4;NATIONAL_ID;tinted yahoo ah;absent except spanish;beyond;7946;2025-12-13T20:33:12;2025-12-14T08:55:14;true;2025-12-14T05:37:22;../fake-data/blob/hipster.txt;because
5;SELFIE;break generally;hydrant subtract;lampoon yahoo;6189;2025-12-13T13:07:56;2025-12-13T13:46:04;true;2025-12-14T01:54:26;../fake-data/blob/hipster.txt;scarily ew democratize
6;OTHER;jubilant;postbox meanwhile subdued;swim whoever;21051;2025-12-13T15:12:58;2025-12-13T18:58:25;false;2025-12-13T12:06:36;../fake-data/blob/hipster.txt;gadzooks
7;COMPANY_REGISTRATION;to;tarry modulo off;aha fit;12023;2025-12-13T15:23:50;2025-12-14T02:56:16;true;2025-12-13T23:36:57;../fake-data/blob/hipster.txt;mobility dereference from
8;SELFIE;vibrant yippee familiar;ick how quarrel;even mmm;408;2025-12-14T02:34:43;2025-12-13T14:01:25;true;2025-12-13T23:55:07;../fake-data/blob/hipster.txt;brisk
9;NATIONAL_ID;violent frenetically;not warmly;soon holster;10416;2025-12-14T03:14:21;2025-12-13T18:02:51;false;2025-12-14T07:58:02;../fake-data/blob/hipster.txt;why playfully patroller
10;COMPANY_REGISTRATION;flat circa;with;object knottily;7923;2025-12-14T07:09:41;2025-12-13T23:44:07;true;2025-12-14T01:31:57;../fake-data/blob/hipster.txt;marimba masculinize surprised
